{
  "train_loss": [
    1.2273422012498967,
    0.5663041983548618,
    0.4661324316915362,
    0.42428478803343445,
    0.3757735045659936,
    0.3353501492329226,
    0.32242730798308783,
    0.30913351419317814,
    0.2941090231785034,
    0.271362703644289,
    0.25267655620441487,
    0.23890743292773348,
    0.2541881320054901,
    0.22372249891133103,
    0.21519022781885308
  ],
  "train_acc": [
    0.6793893129770993,
    0.7853053435114504,
    0.8180661577608143,
    0.8307888040712468,
    0.8438295165394402,
    0.8660941475826972,
    0.871501272264631,
    0.8702290076335878,
    0.8867684478371501,
    0.8924936386768448,
    0.8963104325699746,
    0.9064885496183206,
    0.9055343511450382,
    0.9179389312977099,
    0.9204834605597965
  ],
  "valid_loss": [
    0.690663865285042,
    0.5307393645628905,
    0.46296711846804006,
    0.40967558790475894,
    0.41126004319924575,
    0.3765851243184163,
    0.3628460677770468,
    0.3477440589513534,
    0.32983142275076643,
    0.3281055304102409,
    0.3228295245422767,
    0.3192391004317846,
    0.30967587603208346,
    0.298056873277976,
    0.30764119195250367
  ],
  "valid_acc": [
    0.7525641025641026,
    0.8051282051282052,
    0.8128205128205128,
    0.8512820512820513,
    0.8551282051282051,
    0.867948717948718,
    0.8717948717948718,
    0.8692307692307693,
    0.8833333333333333,
    0.8807692307692307,
    0.8923076923076924,
    0.8935897435897436,
    0.8871794871794871,
    0.8910256410256411,
    0.8897435897435897
  ],
  "valid_f1": [
    0.752843561205191,
    0.8037393978120296,
    0.8139009686866112,
    0.8494602116503109,
    0.8533082649517724,
    0.8659767723564855,
    0.8686038665257292,
    0.8678811509705464,
    0.8817099926298928,
    0.8791544587422964,
    0.8919651956668905,
    0.8933591428609193,
    0.8873845345185363,
    0.8904384656714839,
    0.8895135283590494
  ]
}