{
  "train_loss": [
    1.452737237357608,
    0.8793123651096839,
    0.6880204255950967,
    0.5893832173662938,
    0.5460531576595841,
    0.4960191149748009,
    0.5054160307988562,
    0.47581109563812957,
    0.4323866878453708,
    0.4067631770332958,
    0.41032022753441305,
    0.4060006842358422,
    0.4126563681900956,
    0.3939723008461581,
    0.3758679743638172,
    0.36920529209627145,
    0.3617265931977571,
    0.370616979878064,
    0.33651788650274883,
    0.3355141872061421,
    0.33610438587708025,
    0.32143578092560515,
    0.322210158707228,
    0.3174587603440418,
    0.32657153134734274,
    0.313104719378566,
    0.3245521914261291,
    0.33784891646023624,
    0.32499387405300867,
    0.31320822496753914
  ],
  "train_acc": [
    0.6253180661577609,
    0.7108778625954199,
    0.7436386768447837,
    0.7811704834605598,
    0.7843511450381679,
    0.799618320610687,
    0.8037531806615776,
    0.8072519083969466,
    0.8269720101781171,
    0.8317430025445293,
    0.8326972010178118,
    0.8384223918575063,
    0.8393765903307888,
    0.851145038167939,
    0.8489185750636132,
    0.8524173027989822,
    0.8552798982188295,
    0.8549618320610687,
    0.8654580152671756,
    0.8683206106870229,
    0.8683206106870229,
    0.8718193384223919,
    0.8759541984732825,
    0.8711832061068703,
    0.8718193384223919,
    0.8753180661577609,
    0.8702290076335878,
    0.8616412213740458,
    0.8775445292620865,
    0.878498727735369
  ],
  "valid_loss": [
    1.005617348047403,
    0.7384002859775837,
    0.6107392269831438,
    0.5420672490046574,
    0.49347378328824654,
    0.46768496793050035,
    0.460659660360752,
    0.44218685833307414,
    0.434702642987936,
    0.4054892458212681,
    0.4055222552556258,
    0.4018730957538654,
    0.38644167268887547,
    0.3692937973600168,
    0.36400178701449665,
    0.36499143605813,
    0.3707010082709484,
    0.35868171545175404,
    0.36085558033142334,
    0.35863950768342384,
    0.3458709798944302,
    0.3478357562652001,
    0.3409134046962628,
    0.34342924096645455,
    0.3463860851067763,
    0.3338821198695745,
    0.3499216520251372,
    0.33772880392961013,
    0.34258899639050167,
    0.3327707255497957
  ],
  "valid_acc": [
    0.7153846153846154,
    0.7512820512820513,
    0.7858974358974359,
    0.7961538461538461,
    0.8076923076923077,
    0.8179487179487179,
    0.8051282051282052,
    0.8205128205128205,
    0.8384615384615385,
    0.8384615384615385,
    0.8358974358974359,
    0.8435897435897436,
    0.8474358974358974,
    0.8564102564102564,
    0.8615384615384616,
    0.8641025641025641,
    0.8487179487179487,
    0.8538461538461538,
    0.8615384615384616,
    0.8641025641025641,
    0.8653846153846154,
    0.8615384615384616,
    0.8653846153846154,
    0.8692307692307693,
    0.8653846153846154,
    0.8641025641025641,
    0.8730769230769231,
    0.867948717948718,
    0.8692307692307693,
    0.8705128205128205
  ],
  "valid_f1": [
    0.7089271553189079,
    0.7499992486984486,
    0.7836899220770704,
    0.7938465956558061,
    0.806739437859389,
    0.8173929312190682,
    0.8068016158555145,
    0.820905164872658,
    0.8373799663597122,
    0.8376288985351651,
    0.8338071236568393,
    0.8448713223649286,
    0.847249247879032,
    0.8566185055279802,
    0.8605655210534768,
    0.8636012177447963,
    0.8492172886326328,
    0.8541045169943571,
    0.8609769860533956,
    0.8636713294099985,
    0.865537516666143,
    0.8611183997284833,
    0.8653949043586284,
    0.8689463982267048,
    0.864555687288414,
    0.8644774010682383,
    0.8736199028325409,
    0.8673019936714399,
    0.8684343641715062,
    0.8703973922396318
  ]
}