{
  "model_name": "MobileNetV3_Small_ECA_finetuned",
  "size_mb": 7.068996429443359,
  "num_params": 1853095,
  "validation": {
    "accuracy": 0.8730769230769231,
    "f1_macro": 0.8736199028325409,
    "recall_macro": 0.8734313531315795
  },
  "test": {
    "accuracy": 0.9359756097560976,
    "f1_macro": 0.9363377896102978,
    "recall_macro": 0.9357960066753556
  },
  "training": {
    "train_acc": 0.878498727735369
  },
  "fps": 1271.7273144657042,
  "best_epoch": 27,
  "total_epochs": 30,
  "total_time_seconds": 4570.732349395752
}