{
  "train_loss": [
    0.7453273806272377,
    0.33579717837859197,
    0.21628811518559282,
    0.15950997123075406,
    0.12507893132406692,
    0.10125852763379743,
    0.08433645919784513,
    0.06922511291246451,
    0.059867006848463834,
    0.056365453867310004,
    0.04379474345341091,
    0.037753056744552406,
    0.036924628891948,
    0.030909116355536496,
    0.02670241076089637,
    0.022187198448867698,
    0.02332677964257632,
    0.02159993928803511,
    0.01745030607696603,
    0.0146954389220757,
    0.013232379800674179,
    0.013000540191512457,
    0.010713043705565143,
    0.01021335656262193,
    0.009309999898310108,
    0.009017131813065543,
    0.010895382037571587,
    0.0109457494934816,
    0.010343204910686504,
    0.008291174379708879
  ],
  "valid_loss": [
    0.42866066679056364,
    0.2442819916145563,
    0.16514063497397383,
    0.14370227303475316,
    0.11027176826315194,
    0.11216694267894256,
    0.09643560052990056,
    0.08919654744923933,
    0.0814925009826962,
    0.07653453500491876,
    0.0953745240281032,
    0.06592956511821522,
    0.05926042249422591,
    0.07542994087762969,
    0.06483280248550163,
    0.0714831544236177,
    0.06477071886347391,
    0.0627751956727938,
    0.06206777578517015,
    0.06422910664231803,
    0.07132791886696965,
    0.07265134398113422,
    0.07084793714179667,
    0.06777652376651169,
    0.06845024257972641,
    0.06733112453475126,
    0.06745597395447173,
    0.06400053182198374,
    0.06422341372948713,
    0.06327303670172532
  ],
  "train_acc": [
    0.6958442408376964,
    0.8747545811518325,
    0.9221204188481675,
    0.9449443717277487,
    0.9570517015706806,
    0.9648232984293194,
    0.9701407068062827,
    0.975294502617801,
    0.9800392670157068,
    0.981184554973822,
    0.984375,
    0.9869109947643979,
    0.987565445026178,
    0.9889561518324608,
    0.9898560209424084,
    0.9930464659685864,
    0.9923920157068062,
    0.9925556282722513,
    0.9941917539267016,
    0.9950098167539267,
    0.9953370418848168,
    0.9957460732984293,
    0.996645942408377,
    0.9968913612565445,
    0.9978730366492147,
    0.9972185863874345,
    0.9965641361256544,
    0.9965641361256544,
    0.9964005235602095,
    0.997300392670157
  ],
  "valid_acc": [
    0.8391105297580118,
    0.9195552648790059,
    0.9444081098757358,
    0.9502943100065402,
    0.9620667102681492,
    0.9633747547416612,
    0.9712230215827338,
    0.973839110529758,
    0.9771092217135383,
    0.9777632439502943,
    0.9699149771092217,
    0.9823413996075867,
    0.9829954218443427,
    0.9790712884238064,
    0.9836494440810988,
    0.9810333551340745,
    0.9843034663178548,
    0.9829954218443427,
    0.9836494440810988,
    0.9856115107913669,
    0.9836494440810988,
    0.9823413996075867,
    0.9829954218443427,
    0.9829954218443427,
    0.9849574885546108,
    0.9849574885546108,
    0.9843034663178548,
    0.9849574885546108,
    0.9849574885546108,
    0.9849574885546108
  ]
}