{
  "train_loss": [
    0.5656097883953474,
    0.22567409643640068,
    0.1438106364955765,
    0.0958260865735758,
    0.07380049535273257,
    0.05970032530695356,
    0.04519585316210829,
    0.041182043908544234,
    0.030814052788608985,
    0.029643239716740804,
    0.0330656706623694,
    0.02280596099520853,
    0.015761497581660434,
    0.01786687067119863,
    0.014651690887687094,
    0.01539273295766084,
    0.010505626095137046,
    0.011296037838097019,
    0.009422313324443958,
    0.008452851500810753,
    0.007480207567361637,
    0.0066212059549636245,
    0.0071836128265289735,
    0.006358486731873132,
    0.003790172002234384,
    0.005852762092860581,
    0.004237655842803536,
    0.004632510820218406,
    0.004710030766369785,
    0.004408923070390187
  ],
  "valid_loss": [
    0.2812405433274313,
    0.15666722289443094,
    0.15294826798691635,
    0.10332783268237129,
    0.09418772930916498,
    0.08598238905127957,
    0.06692068383068411,
    0.056992668782752505,
    0.05025810523213242,
    0.043077863660257884,
    0.04486026097408224,
    0.04508041966148574,
    0.045675810606768896,
    0.0481915950161168,
    0.0511988258102581,
    0.050412598621536304,
    0.03858976258102627,
    0.045490038558655584,
    0.045328647373981186,
    0.041012088571443055,
    0.043042088010603594,
    0.04221696604014008,
    0.0391498667287273,
    0.03953153287816459,
    0.038532218622668674,
    0.040210053112730626,
    0.03876426446259489,
    0.03700772118970917,
    0.038074765580373114,
    0.03919342621805194
  ],
  "train_acc": [
    0.78092277486911,
    0.9175392670157068,
    0.9493619109947644,
    0.9668684554973822,
    0.9760307591623036,
    0.9792212041884817,
    0.9832297120418848,
    0.9865837696335078,
    0.990101439790576,
    0.9887925392670157,
    0.9893651832460733,
    0.9926374345549738,
    0.9948462041884817,
    0.9941917539267016,
    0.9952552356020943,
    0.9950098167539267,
    0.9959914921465969,
    0.996482329842932,
    0.9968913612565445,
    0.9968913612565445,
    0.9979548429319371,
    0.9978730366492147,
    0.9976276178010471,
    0.9980366492146597,
    0.9987729057591623,
    0.9982002617801047,
    0.9988547120418848,
    0.9988547120418848,
    0.9984456806282722,
    0.9985274869109948
  ],
  "valid_acc": [
    0.8940483976455199,
    0.9450621321124918,
    0.9444081098757358,
    0.9640287769784173,
    0.9672988881621976,
    0.9686069326357096,
    0.9816873773708306,
    0.9829954218443427,
    0.9856115107913669,
    0.9856115107913669,
    0.9882275997383911,
    0.9901896664486592,
    0.9875735775016351,
    0.986919555264879,
    0.9888816219751472,
    0.9888816219751472,
    0.9908436886854153,
    0.9875735775016351,
    0.9895356442119032,
    0.9888816219751472,
    0.9888816219751472,
    0.9908436886854153,
    0.9921517331589274,
    0.9914977109221713,
    0.9908436886854153,
    0.9901896664486592,
    0.9914977109221713,
    0.9921517331589274,
    0.9908436886854153,
    0.9914977109221713
  ]
}