{
  "train_loss": [
    0.6703491800775131,
    0.2870992875864936,
    0.19080613677700362,
    0.14512885584392482,
    0.11604200566135761,
    0.09210340297108309,
    0.0836939035086996,
    0.0704488095232389,
    0.055849970449344255,
    0.04914369002734828,
    0.0514757114950852,
    0.04136395909396621,
    0.03285508383285358,
    0.02860829463558427,
    0.02651317706719662,
    0.02557267808555884,
    0.020706940501339786,
    0.020683764561706793,
    0.016271843705908395,
    0.013093404890443909,
    0.010647289169759865,
    0.01068238096720759,
    0.010879408722555835,
    0.011592371603102138,
    0.01007385716062951,
    0.007871755253189703,
    0.008795182850614461,
    0.0077785073006250765,
    0.008009769357765132
  ],
  "valid_loss": [
    0.3034266663922204,
    0.23464939327302514,
    0.14403564383689085,
    0.1787777374414348,
    0.1210997732365189,
    0.09962624996345236,
    0.1184929088735021,
    0.08130639115845935,
    0.07352457925152828,
    0.08593406787385112,
    0.11906553592000689,
    0.07056758147609736,
    0.09067521833032473,
    0.07004010662426202,
    0.06783238645666134,
    0.0789017976538694,
    0.0753309293249185,
    0.06942393040752746,
    0.06835683253227384,
    0.07454423056568325,
    0.07044220401094346,
    0.07170304513269338,
    0.07263560790463824,
    0.06677435033053566,
    0.06974117803842722,
    0.06814375926595531,
    0.06924280393513574,
    0.07087386139376722,
    0.06784100241874254
  ],
  "train_acc": [
    0.728125,
    0.8975694444444444,
    0.9342013888888889,
    0.9510416666666667,
    0.9611979166666667,
    0.9690972222222223,
    0.97109375,
    0.9753472222222223,
    0.9802083333333333,
    0.9836805555555556,
    0.9833333333333333,
    0.9855902777777777,
    0.9888888888888889,
    0.98984375,
    0.9917534722222222,
    0.9913194444444444,
    0.9940972222222222,
    0.9939236111111112,
    0.9943576388888888,
    0.9955729166666667,
    0.9965277777777778,
    0.9967013888888889,
    0.9961805555555555,
    0.9966145833333333,
    0.9972222222222222,
    0.9980034722222222,
    0.9973958333333334,
    0.9974826388888889,
    0.9977430555555555
  ],
  "valid_acc": [
    0.8951000690131125,
    0.9192546583850931,
    0.955831608005521,
    0.9309868875086267,
    0.9599723947550034,
    0.9696342305037957,
    0.9641131815044859,
    0.9786059351276742,
    0.9841269841269841,
    0.979296066252588,
    0.9627329192546584,
    0.9834368530020704,
    0.9772256728778468,
    0.9848171152518979,
    0.9834368530020704,
    0.979296066252588,
    0.9806763285024155,
    0.9868875086266391,
    0.9882677708764666,
    0.9848171152518979,
    0.9861973775017253,
    0.9848171152518979,
    0.9848171152518979,
    0.9861973775017253,
    0.9868875086266391,
    0.9855072463768116,
    0.9855072463768116,
    0.9848171152518979,
    0.9868875086266391
  ]
}