{
  "train_loss": [
    0.7104908280971787,
    0.3194932267849982,
    0.21233717859259452,
    0.15654011876249188,
    0.11949860640065209,
    0.08902984666418655,
    0.07813096849043019,
    0.06619162797069675,
    0.06166826875109947,
    0.05481174144484298,
    0.049215633763458715,
    0.04133813151436326,
    0.032140302964296014,
    0.037154774225429094,
    0.02882868849248162,
    0.025928079857642113,
    0.023372862341750355,
    0.02080906319056506,
    0.016879227226941372,
    0.016263669941827888,
    0.013812314835986541,
    0.013411699730844398,
    0.011499936775309253,
    0.015310861414093623,
    0.01123407095943758,
    0.010703415965846695,
    0.009732740204683774,
    0.008669831755897762,
    0.009407758712768555,
    0.007904194802513921
  ],
  "valid_loss": [
    0.3947091001634741,
    0.2014963071990668,
    0.23376596547989692,
    0.12864862998826898,
    0.14512041656262661,
    0.1208772831629935,
    0.08240936674845227,
    0.09086352447382838,
    0.08828026374486476,
    0.08989678652916881,
    0.0730681313604404,
    0.0645418890078532,
    0.07139727455655819,
    0.06491245020121858,
    0.06063514823450946,
    0.058690971566822216,
    0.0727077794158947,
    0.06085381888588945,
    0.06221937007772352,
    0.06019012310570794,
    0.06306303900872412,
    0.06452203718703264,
    0.0637175115206059,
    0.062059837248267094,
    0.06362747184507685,
    0.05910703205198057,
    0.05925253223709426,
    0.05884551971208516,
    0.05714108199024289,
    0.056514525870707905
  ],
  "train_acc": [
    0.7092604712041884,
    0.8805628272251309,
    0.9268651832460733,
    0.9436354712041884,
    0.9582787958115183,
    0.96907722513089,
    0.9734947643979057,
    0.9784031413612565,
    0.9792212041884817,
    0.9807755235602095,
    0.9844568062827225,
    0.9856020942408377,
    0.9888743455497382,
    0.987074607329843,
    0.9905104712041884,
    0.9910013089005235,
    0.9919011780104712,
    0.993128272251309,
    0.9941099476439791,
    0.9951734293193717,
    0.9959096858638743,
    0.9959096858638743,
    0.9967277486910995,
    0.9953370418848168,
    0.9961551047120419,
    0.9961551047120419,
    0.9968913612565445,
    0.996973167539267,
    0.996809554973822,
    0.9978730366492147
  ],
  "valid_acc": [
    0.8469587965990844,
    0.9280575539568345,
    0.9189012426422498,
    0.9594506213211249,
    0.9489862655330281,
    0.9568345323741008,
    0.973185088293002,
    0.9744931327665141,
    0.9777632439502943,
    0.9764551994767822,
    0.9810333551340745,
    0.9829954218443427,
    0.9816873773708306,
    0.9849574885546108,
    0.9803793328973185,
    0.9836494440810988,
    0.9803793328973185,
    0.9862655330281229,
    0.9875735775016351,
    0.9862655330281229,
    0.9862655330281229,
    0.9862655330281229,
    0.9849574885546108,
    0.9843034663178548,
    0.9843034663178548,
    0.9843034663178548,
    0.9856115107913669,
    0.9862655330281229,
    0.9875735775016351,
    0.9856115107913669
  ]
}