{
  "model_name": "MobileNetV3_Small_CA",
  "size_mb": 7.3065643310546875,
  "valid_acc": 0.9875735775016351,
  "valid_f1": 0.987653662459888,
  "fps": 1522.6424407538261,
  "num_params": 1915372.0,
  "ckpt_path": "MobileNetV3_Small_CA_best.pt"
}