{
  "train_loss": [
    1.165781390910246,
    0.7299023331428061,
    0.5554360501012023,
    0.47112433673167714,
    0.3993261947619672,
    0.3866596440879666,
    0.3396383598446846,
    0.3284706254394687,
    0.301023429297671,
    0.2917734630862061,
    0.2688514540085987,
    0.25546332859263127,
    0.25205623191230153,
    0.2476625259281421,
    0.2443241813809288,
    0.22930829074918008,
    0.23882333607393869,
    0.22395111749670943,
    0.23361222582812213,
    0.21718848504278124
  ],
  "valid_loss": [
    0.8828211799646035,
    0.6544352398468898,
    0.5168613715049548,
    0.47285750462458687,
    0.43532012754525895,
    0.3938292200366656,
    0.3764064319813863,
    0.3755599356614626,
    0.3621453571013915,
    0.3540765217481515,
    0.341132274021705,
    0.3332049347842351,
    0.3374881769793156,
    0.33095760341638175,
    0.32871977635301075,
    0.3273090682159632,
    0.33413022510134255,
    0.3253973488433239,
    0.32516313199049385,
    0.3258732355557955
  ],
  "train_acc": [
    0.4920280612244898,
    0.720344387755102,
    0.7927295918367347,
    0.8191964285714286,
    0.8459821428571429,
    0.8533163265306123,
    0.876594387755102,
    0.8746811224489796,
    0.8896683673469388,
    0.892219387755102,
    0.9011479591836735,
    0.9075255102040817,
    0.9043367346938775,
    0.9145408163265306,
    0.9088010204081632,
    0.9100765306122449,
    0.9107142857142857,
    0.9151785714285714,
    0.9190051020408163,
    0.9209183673469388
  ],
  "valid_acc": [
    0.6820512820512821,
    0.7487179487179487,
    0.8012820512820513,
    0.8141025641025641,
    0.8307692307692308,
    0.8461538461538461,
    0.8589743589743589,
    0.867948717948718,
    0.8705128205128205,
    0.8794871794871795,
    0.8782051282051282,
    0.8858974358974359,
    0.8897435897435897,
    0.8858974358974359,
    0.8871794871794871,
    0.8910256410256411,
    0.8910256410256411,
    0.8884615384615384,
    0.8884615384615384,
    0.8884615384615384
  ]
}