{
  "train_loss": [
    1.275636765300166,
    0.6446462836277698,
    0.4498342231636436,
    0.3813293426091434,
    0.3537430840594168,
    0.3077932175334173,
    0.2974324553219113,
    0.2797548729575621,
    0.248206444141519,
    0.2305528736144835,
    0.23210800380348856,
    0.20963234262915362,
    0.20698462339454632,
    0.2012969946284937,
    0.17492924497934395,
    0.16471897858093107,
    0.1628734316231337,
    0.1468609159684363,
    0.15008241010227882,
    0.14277600362404005,
    0.12826776098810685,
    0.1372949397973432,
    0.12780709287895806,
    0.13053239032664068,
    0.1380691593915755,
    0.11691122466067928,
    0.11032553642760706,
    0.11822344700192071,
    0.11721471983361184,
    0.10769977005383441
  ],
  "train_acc": [
    0.6844783715012722,
    0.7767175572519084,
    0.833969465648855,
    0.8470101781170484,
    0.8689567430025446,
    0.875,
    0.8835877862595419,
    0.892175572519084,
    0.9042620865139949,
    0.9166666666666666,
    0.9179389312977099,
    0.924618320610687,
    0.9204834605597965,
    0.9227099236641222,
    0.9373409669211196,
    0.9398854961832062,
    0.9395674300254453,
    0.9459287531806616,
    0.9449745547073791,
    0.9529262086513995,
    0.9570610687022901,
    0.9510178117048346,
    0.9529262086513995,
    0.9513358778625954,
    0.9513358778625954,
    0.9592875318066157,
    0.9627862595419847,
    0.9564249363867684,
    0.958969465648855,
    0.9602417302798982
  ],
  "valid_loss": [
    0.7916260291368533,
    0.49330654686842207,
    0.40551171199633523,
    0.39728932770398945,
    0.3510336415889936,
    0.3327021029133063,
    0.31650009823915287,
    0.32248094062774607,
    0.2933770098938392,
    0.2901221697194836,
    0.27693752508897046,
    0.2686081502491083,
    0.26487489736233,
    0.2641062839099994,
    0.2527351069144714,
    0.2635991608294157,
    0.25568903197462745,
    0.26072067860991527,
    0.2558805675078661,
    0.2484407457212607,
    0.24878110075608278,
    0.2482996764855507,
    0.2565218965116984,
    0.25544723302890093,
    0.25253929818669957,
    0.2514040873791927,
    0.2501794834740651,
    0.25203498172072264,
    0.2573608771253091,
    0.2494744765261809
  ],
  "valid_acc": [
    0.7653846153846153,
    0.8192307692307692,
    0.85,
    0.8602564102564103,
    0.8743589743589744,
    0.8794871794871795,
    0.8897435897435897,
    0.8910256410256411,
    0.8987179487179487,
    0.8961538461538462,
    0.9012820512820513,
    0.9141025641025641,
    0.9141025641025641,
    0.9141025641025641,
    0.9128205128205128,
    0.9102564102564102,
    0.9128205128205128,
    0.9217948717948717,
    0.9153846153846154,
    0.9230769230769231,
    0.9205128205128205,
    0.9217948717948717,
    0.9115384615384615,
    0.9230769230769231,
    0.9166666666666666,
    0.9179487179487179,
    0.9230769230769231,
    0.9217948717948717,
    0.9205128205128205,
    0.9192307692307692
  ],
  "valid_f1": [
    0.7594459974848622,
    0.817078172570521,
    0.8501994046592881,
    0.8577851084205358,
    0.8729613050681355,
    0.8783825287222142,
    0.8895023464838646,
    0.8899655900891541,
    0.8980374594860283,
    0.8965371190839916,
    0.9007422483424447,
    0.9138201146544032,
    0.9136723430635069,
    0.9138756233767926,
    0.9127621298284515,
    0.9097790331564467,
    0.9126124849825732,
    0.9215626664010711,
    0.9152223518077177,
    0.9231905024882722,
    0.9204471032788749,
    0.9217797110914152,
    0.9113068087220009,
    0.9231090634282018,
    0.9165093858833075,
    0.9177851744541811,
    0.9229847457638904,
    0.9217454346440007,
    0.9205957056398114,
    0.9190326392685159
  ]
}