{
  "train_loss": [
    0.7284780264292893,
    0.3418074481581387,
    0.23502867913952,
    0.15943846601600709,
    0.13392251653988896,
    0.10237061875063534,
    0.08168740656324908,
    0.0705892990257493,
    0.05580673155092977,
    0.04833286611124334,
    0.048421409422237625,
    0.0350542936709979,
    0.037541787045101,
    0.031198270010798678,
    0.023395335206786466,
    0.026467468873689587,
    0.018963904091307132,
    0.020866115178490106,
    0.017131680602017838,
    0.015506708214257071,
    0.01150017562758876,
    0.012288000843622476,
    0.010768916744908845,
    0.01151895417971996,
    0.008577574638796872,
    0.00863489796594015,
    0.009186783641253944,
    0.009822939762910354,
    0.008507618231976122,
    0.009202382055694838
  ],
  "valid_loss": [
    0.49280953549574685,
    0.2289888865982613,
    0.1845258918656018,
    0.20805268599776622,
    0.12170049674904,
    0.09922942847617706,
    0.1675052319594249,
    0.08560082546884207,
    0.08003062164722202,
    0.1068684260870718,
    0.07886107883323532,
    0.06426419151577327,
    0.0820337835071332,
    0.06700678430557795,
    0.05268968708746265,
    0.05619806540560281,
    0.059637144846906257,
    0.05141692259322281,
    0.05605753456226241,
    0.058188856725586775,
    0.05615306765732201,
    0.057972326907246366,
    0.06254667313108105,
    0.06150157891680602,
    0.05730547309291608,
    0.05596017221622216,
    0.05517819714926573,
    0.05691438498800388,
    0.05536491570363995,
    0.05430732132505027
  ],
  "train_acc": [
    0.6947368421052632,
    0.8719572368421052,
    0.9155427631578947,
    0.9443256578947369,
    0.9524671052631579,
    0.9647203947368421,
    0.9711348684210527,
    0.9744243421052632,
    0.9810855263157895,
    0.9828947368421053,
    0.9827302631578947,
    0.9879111842105263,
    0.9876644736842105,
    0.9898848684210526,
    0.9916118421052632,
    0.990625,
    0.99375,
    0.9932565789473684,
    0.9935032894736842,
    0.9953947368421052,
    0.9961348684210526,
    0.9959703947368421,
    0.9966282894736842,
    0.996875,
    0.9973684210526316,
    0.9969572368421052,
    0.9969572368421052,
    0.9972861842105263,
    0.9969572368421052,
    0.9973684210526316
  ],
  "valid_acc": [
    0.8057553956834532,
    0.920863309352518,
    0.9287115761935906,
    0.9254414650098103,
    0.9574885546108568,
    0.9672988881621976,
    0.9398299542184434,
    0.9712230215827338,
    0.9718770438194899,
    0.960758665794637,
    0.9797253106605625,
    0.9810333551340745,
    0.972531066056246,
    0.9790712884238064,
    0.9849574885546108,
    0.9836494440810988,
    0.9849574885546108,
    0.986919555264879,
    0.9856115107913669,
    0.9856115107913669,
    0.9843034663178548,
    0.9882275997383911,
    0.9856115107913669,
    0.986919555264879,
    0.9856115107913669,
    0.9862655330281229,
    0.9875735775016351,
    0.9875735775016351,
    0.9888816219751472,
    0.9882275997383911
  ]
}