{
  "train_loss": [
    1.2962121802735267,
    0.626382314976845,
    0.47880368651324556,
    0.41675755434667183,
    0.3788527914585958,
    0.3349195025652723,
    0.32934216536941724,
    0.3044555780996803,
    0.2667003999684603,
    0.2708055261740551,
    0.2601721595034345,
    0.2520073517284927,
    0.23791697750261417,
    0.2389400491429346,
    0.2134919537008567,
    0.20862375271836006,
    0.20604824087091986,
    0.21142318018216819,
    0.20685944548848326,
    0.2045842280218013,
    0.19867938863108783
  ],
  "train_acc": [
    0.6743002544529262,
    0.7865776081424937,
    0.8266539440203562,
    0.8387404580152672,
    0.8568702290076335,
    0.8660941475826972,
    0.8660941475826972,
    0.8813613231552163,
    0.8994910941475827,
    0.9017175572519084,
    0.9007633587786259,
    0.9036259541984732,
    0.9042620865139949,
    0.9099872773536896,
    0.9233460559796438,
    0.9220737913486005,
    0.9201653944020356,
    0.9233460559796438,
    0.9239821882951654,
    0.924618320610687,
    0.9214376590330788
  ],
  "valid_loss": [
    0.8321209154067896,
    0.5255100299914678,
    0.44488768195494627,
    0.4221296439568202,
    0.3839213910775307,
    0.3455369221476408,
    0.33534874002902937,
    0.3369465131026048,
    0.32897928208112714,
    0.33624135257724,
    0.31565247393953494,
    0.30978351556337796,
    0.2971834025703944,
    0.3082320493192245,
    0.30036370664452894,
    0.29830420703077926,
    0.294068958514776,
    0.29306200542129,
    0.29350659436522386,
    0.28700170087126586,
    0.28608193397521975
  ],
  "valid_acc": [
    0.7448717948717949,
    0.8128205128205128,
    0.8269230769230769,
    0.8294871794871795,
    0.8551282051282051,
    0.8666666666666667,
    0.867948717948718,
    0.8807692307692307,
    0.8692307692307693,
    0.867948717948718,
    0.882051282051282,
    0.8794871794871795,
    0.8871794871794871,
    0.8769230769230769,
    0.8884615384615384,
    0.8858974358974359,
    0.8871794871794871,
    0.8910256410256411,
    0.8871794871794871,
    0.8923076923076924,
    0.8897435897435897
  ],
  "valid_f1": [
    0.736282977974095,
    0.8107704756091086,
    0.8274530273134624,
    0.8267117395886577,
    0.854142100655817,
    0.8663183404703804,
    0.8686716609055549,
    0.8795033931925809,
    0.8685197081874314,
    0.8689720457036119,
    0.8810759212591104,
    0.8781257193669582,
    0.8867100474859096,
    0.8774571999241788,
    0.8883304585737227,
    0.8856018161627368,
    0.8867178247346672,
    0.8909001030942936,
    0.8871650686083676,
    0.8928286082474227,
    0.8897810181316689
  ]
}