{
  "train_loss": [
    0.7016224241759403,
    0.30695138360003393,
    0.21576962512300676,
    0.16483507379440657,
    0.12806873774178415,
    0.10706079498786165,
    0.09162874536656113,
    0.07825205248432705,
    0.0660465059532638,
    0.05514108699308821,
    0.05063573299088033,
    0.03966781813426908,
    0.037160784376403654,
    0.030728454724043966,
    0.03284306784934667,
    0.028198482973658175,
    0.019602657722152143,
    0.023299660230706256,
    0.018622183038976538,
    0.01888532727867006,
    0.01954434561846127,
    0.015014811564820358,
    0.010487090089324727,
    0.01221614127911358,
    0.010950458808297134,
    0.011223161391105997,
    0.008967924907983068,
    0.010373806513576623,
    0.008802483060273779,
    0.010431674208088094
  ],
  "valid_loss": [
    0.3505145541016666,
    0.25268627229569735,
    0.16449949201168507,
    0.13157594974698691,
    0.11367306886226877,
    0.11644417855670784,
    0.12993736417665297,
    0.07407882675595548,
    0.08300121101750427,
    0.15542287096895022,
    0.0736434596103394,
    0.05416504392816477,
    0.062002589722265904,
    0.042389300185488886,
    0.04466999773246081,
    0.04967129270712296,
    0.0397961899115267,
    0.03602911610466273,
    0.03746969411547563,
    0.04049550376502962,
    0.035724747300460775,
    0.035991556823080494,
    0.0351426449822153,
    0.034541633924346477,
    0.036269929506459915,
    0.03275587570656655,
    0.035617305415806766,
    0.03212342571974711,
    0.03301972583738453,
    0.037071296934043985
  ],
  "train_acc": [
    0.7119728915662651,
    0.8832831325301205,
    0.9212161144578314,
    0.9407944277108434,
    0.9564194277108434,
    0.9651731927710844,
    0.9691265060240963,
    0.9728915662650602,
    0.977503765060241,
    0.9827748493975904,
    0.9838102409638554,
    0.9866340361445783,
    0.9883283132530121,
    0.9898343373493976,
    0.9897402108433735,
    0.9904932228915663,
    0.9929405120481928,
    0.9921875,
    0.9935052710843374,
    0.9929405120481928,
    0.993128765060241,
    0.9944465361445783,
    0.9969879518072289,
    0.9963290662650602,
    0.9967055722891566,
    0.9962349397590361,
    0.9977409638554217,
    0.9969879518072289,
    0.9975527108433735,
    0.9968938253012049
  ],
  "valid_acc": [
    0.8755622188905547,
    0.9115442278860569,
    0.9400299850074962,
    0.9580209895052474,
    0.9655172413793104,
    0.9602698650674663,
    0.9527736131934033,
    0.9737631184407796,
    0.9752623688155923,
    0.946776611694153,
    0.9790104947526237,
    0.9857571214392804,
    0.9842578710644677,
    0.9887556221889056,
    0.987256371814093,
    0.9857571214392804,
    0.9857571214392804,
    0.9880059970014993,
    0.987256371814093,
    0.9895052473763118,
    0.9902548725637181,
    0.9910044977511244,
    0.9902548725637181,
    0.9902548725637181,
    0.9902548725637181,
    0.9910044977511244,
    0.9895052473763118,
    0.9917541229385307,
    0.9917541229385307,
    0.9902548725637181
  ]
}