{
  "train_loss": [
    NaN,
    NaN,
    NaN,
    NaN,
    NaN,
    NaN,
    NaN,
    NaN
  ],
  "valid_loss": [
    NaN,
    NaN,
    NaN,
    NaN,
    NaN,
    NaN,
    NaN,
    NaN
  ],
  "train_acc": [
    0.22820723684210525,
    0.22820723684210525,
    0.22828947368421051,
    0.22845394736842106,
    0.2283717105263158,
    0.22861842105263158,
    0.22845394736842106,
    0.22820723684210525
  ],
  "valid_acc": [
    0.22825376062786135,
    0.22825376062786135,
    0.22825376062786135,
    0.22825376062786135,
    0.22825376062786135,
    0.22825376062786135,
    0.22825376062786135,
    0.22825376062786135
  ]
}