{
  "train_loss": [
    0.9924526066368163,
    0.5245359008692946,
    0.4016692782337753,
    0.3444335004461061,
    0.29287611545887604,
    0.2586049511151008,
    0.23502728334233086,
    0.2123145617700684,
    0.1832216155778675,
    0.17164767250730728,
    0.1593444732003187,
    0.1413472829123286,
    0.1331037770157085,
    0.12324377639872554,
    0.11914886702924811,
    0.11688152011191345,
    0.10445442177472314,
    0.1049360934430392,
    0.10660494645540627,
    0.09271167015842117,
    0.09849583080613801,
    0.09454086357581366,
    0.08914938849928492,
    0.09371693772678288,
    0.09453661662784858
  ],
  "valid_loss": [
    0.577500826436137,
    0.36751541984556857,
    0.28850268840088106,
    0.27957112413750046,
    0.21934315164624046,
    0.20132082946320778,
    0.17191111296902614,
    0.1670120944962773,
    0.16188880920098295,
    0.1622737657992648,
    0.15298933591852007,
    0.13437404977175985,
    0.1393712951592794,
    0.13805951679976958,
    0.1338069114890108,
    0.1267820584415376,
    0.13880226318161032,
    0.12110541872022353,
    0.12408685562382966,
    0.12235412719867213,
    0.1209151805363269,
    0.11803172720733852,
    0.11532288169923212,
    0.11593593867523674,
    0.12029450388224473
  ],
  "train_acc": [
    0.5889234293193717,
    0.7959751308900523,
    0.8478403141361257,
    0.8675556282722513,
    0.8925065445026178,
    0.90625,
    0.9143488219895288,
    0.9226930628272252,
    0.9351276178010471,
    0.9392997382198953,
    0.9448625654450262,
    0.9505890052356021,
    0.9532068062827225,
    0.9536976439790575,
    0.9586060209424084,
    0.959178664921466,
    0.963023560209424,
    0.9631053664921466,
    0.9628599476439791,
    0.9658867801047121,
    0.9674410994764397,
    0.9666230366492147,
    0.9681773560209425,
    0.96875,
    0.9679319371727748
  ],
  "valid_acc": [
    0.7756703727926749,
    0.8659254414650098,
    0.9051667756703728,
    0.8986265533028123,
    0.9221713538260301,
    0.9306736429038587,
    0.9450621321124918,
    0.94702419882276,
    0.9489862655330281,
    0.947678221059516,
    0.9522563767168084,
    0.9581425768476128,
    0.9568345323741008,
    0.9594506213211249,
    0.9587965990843689,
    0.960758665794637,
    0.9555264879005886,
    0.9640287769784173,
    0.9640287769784173,
    0.9640287769784173,
    0.9646827992151733,
    0.9627207325049052,
    0.9646827992151733,
    0.9646827992151733,
    0.9640287769784173
  ]
}