{
  "train_loss": [
    0.6915750026078749,
    0.3154945481588079,
    0.21586183548285698,
    0.15871055162857964,
    0.12880500368968978,
    0.09927350711760097,
    0.08688104602249817,
    0.07103554831320391,
    0.05950078473509294,
    0.05496441089201972,
    0.045247846960787375,
    0.04303834801881101,
    0.03236247586447219,
    0.03440833008843255,
    0.028209417609800218,
    0.023988161392080848,
    0.02040851503337553,
    0.01989650300152951,
    0.015756198834062245,
    0.015302443652564942,
    0.014851709047615217,
    0.011905041879228272,
    0.014054445540093627,
    0.012098392539935587,
    0.011352834979277006,
    0.009621908839460442,
    0.009350590963716283,
    0.009360907453048916,
    0.00832188272780461,
    0.008545781597885162
  ],
  "valid_loss": [
    0.4020498653226931,
    0.31117304270761786,
    0.3437631554740796,
    0.1607964208691903,
    0.12901237011540553,
    0.09985573048794129,
    0.10527912326074254,
    0.11329176377790126,
    0.20750323576795424,
    0.07580630358203788,
    0.0843296880968417,
    0.08072427326558734,
    0.07716918992520626,
    0.07654313087594945,
    0.08890409781515325,
    0.0711324742640094,
    0.07078857980108168,
    0.06416453137759916,
    0.06258067114192181,
    0.06108535560331581,
    0.06065145117383599,
    0.0667628812508632,
    0.06721361891590083,
    0.06715652536895635,
    0.06504861115580918,
    0.06101732088668312,
    0.06246994142015535,
    0.061936656629241534,
    0.06402212576581283,
    0.062229495237296976
  ],
  "train_acc": [
    0.7163776178010471,
    0.8801537958115183,
    0.925392670157068,
    0.946744109947644,
    0.9550883507853403,
    0.9671138743455497,
    0.9715314136125655,
    0.9766852094240838,
    0.981020942408377,
    0.9814299738219895,
    0.984375,
    0.9854384816753927,
    0.9892015706806283,
    0.987729057591623,
    0.9902650523560209,
    0.9919829842931938,
    0.9926374345549738,
    0.9930464659685864,
    0.9943553664921466,
    0.9956642670157068,
    0.9955824607329843,
    0.9962369109947644,
    0.9959914921465969,
    0.9962369109947644,
    0.9965641361256544,
    0.9971367801047121,
    0.996973167539267,
    0.9967277486910995,
    0.9977912303664922,
    0.9976276178010471
  ],
  "valid_acc": [
    0.8587311968606932,
    0.8862001308044474,
    0.882275997383911,
    0.9457161543492478,
    0.9555264879005886,
    0.9646827992151733,
    0.9679529103989536,
    0.9601046435578809,
    0.9365598430346632,
    0.973839110529758,
    0.9751471550032701,
    0.9771092217135383,
    0.9790712884238064,
    0.9797253106605625,
    0.9803793328973185,
    0.9836494440810988,
    0.9810333551340745,
    0.9836494440810988,
    0.9843034663178548,
    0.9882275997383911,
    0.9856115107913669,
    0.9856115107913669,
    0.9836494440810988,
    0.986919555264879,
    0.9875735775016351,
    0.9856115107913669,
    0.9856115107913669,
    0.9856115107913669,
    0.9856115107913669,
    0.986919555264879
  ]
}