{
  "train_loss": [
    0.688963849195011,
    0.3246214821232551,
    0.22548043938519444,
    0.15650770856135804,
    0.12211222328362664,
    0.0956512499912715,
    0.08534871612270777,
    0.07038899761727031,
    0.061610667454322594,
    0.05082540367169218,
    0.0436405072583578,
    0.035796918998916114,
    0.033660477846470804,
    0.03331486460465099,
    0.028701289951879316,
    0.021609164550120293,
    0.02262530457325943,
    0.021745112641709637,
    0.019810058927426787,
    0.01735191536745476,
    0.018827763186153316,
    0.013363766605863397,
    0.01019792364061815,
    0.009122835277184766,
    0.010630651879373022,
    0.009918349292811922,
    0.0081658780633311,
    0.009112820204795967,
    0.006555078502412866,
    0.008923073801460691
  ],
  "valid_loss": [
    0.386090974389844,
    0.29063308019705114,
    0.19482185795386683,
    0.13785268589025856,
    0.13507581683956305,
    0.10749795796207114,
    0.09815944914454491,
    0.10258002027910644,
    0.11947626328891285,
    0.0860129710484206,
    0.102934688377816,
    0.08341005828385067,
    0.07064958302056852,
    0.06659187837653081,
    0.09039814614838852,
    0.08604546193370902,
    0.09195513459272132,
    0.08707892800942599,
    0.0700280781941302,
    0.0814962941608675,
    0.07011947241031453,
    0.0788722516637036,
    0.07602923639988779,
    0.07483229406227944,
    0.06941238593613452,
    0.06920521104074234,
    0.07241964136266153,
    0.07648763904851137,
    0.07486966404131327,
    0.07158114025291626
  ],
  "train_acc": [
    0.7151505235602095,
    0.8811354712041884,
    0.9193390052356021,
    0.9452715968586387,
    0.9579515706806283,
    0.9669502617801047,
    0.9713678010471204,
    0.9752126963350786,
    0.9776668848167539,
    0.981675392670157,
    0.9859293193717278,
    0.9881380890052356,
    0.9888743455497382,
    0.9889561518324608,
    0.990919502617801,
    0.9932918848167539,
    0.9920647905759162,
    0.9917375654450262,
    0.9930464659685864,
    0.9941099476439791,
    0.9941917539267016,
    0.9956642670157068,
    0.9965641361256544,
    0.9972185863874345,
    0.9963187172774869,
    0.9970549738219895,
    0.9975458115183246,
    0.9970549738219895,
    0.9980366492146597,
    0.9972185863874345
  ],
  "valid_acc": [
    0.8567691301504251,
    0.8992805755395683,
    0.9280575539568345,
    0.9594506213211249,
    0.9516023544800524,
    0.9705689993459777,
    0.9712230215827338,
    0.9679529103989536,
    0.9646827992151733,
    0.9718770438194899,
    0.9751471550032701,
    0.9803793328973185,
    0.9797253106605625,
    0.9823413996075867,
    0.9803793328973185,
    0.9803793328973185,
    0.9797253106605625,
    0.9784172661870504,
    0.9849574885546108,
    0.9823413996075867,
    0.9849574885546108,
    0.9843034663178548,
    0.9836494440810988,
    0.9849574885546108,
    0.9862655330281229,
    0.9862655330281229,
    0.9862655330281229,
    0.9856115107913669,
    0.9862655330281229,
    0.9862655330281229
  ]
}