{
  "train_loss": [
    1.7849711437565072,
    1.0965467385056669,
    0.8420658842601242,
    0.7375751888478985,
    0.6859589432942048,
    0.585232728765211,
    0.561135755392128,
    0.551996877175251,
    0.5369855051732245,
    0.5003103531953943,
    0.4888706698672462,
    0.44884844924354067,
    0.4671877311689556,
    0.445264656883463,
    0.44191222457788676,
    0.423193040846565,
    0.42353677021638125,
    0.4358355621345171,
    0.4060066666918553,
    0.4110072751081627,
    0.40377671148334143,
    0.39341764610838953,
    0.39715423436868585,
    0.3843157608393798,
    0.3933690665029084,
    0.38960048397078767,
    0.3835620864202048,
    0.3935829907579883,
    0.3860625767222494,
    0.3871283987702911
  ],
  "train_acc": [
    0.5846055979643766,
    0.6679389312977099,
    0.7143765903307888,
    0.7274173027989822,
    0.7439567430025446,
    0.7783078880407125,
    0.780852417302799,
    0.7783078880407125,
    0.7919847328244275,
    0.8015267175572519,
    0.8050254452926209,
    0.821882951653944,
    0.8110687022900763,
    0.8225190839694656,
    0.8199745547073791,
    0.8330152671755725,
    0.8301526717557252,
    0.8209287531806616,
    0.8470101781170484,
    0.8311068702290076,
    0.8381043256997456,
    0.8361959287531806,
    0.8387404580152672,
    0.8530534351145038,
    0.8416030534351145,
    0.8358778625954199,
    0.8492366412213741,
    0.8368320610687023,
    0.8463740458015268,
    0.8447837150127226
  ],
  "valid_loss": [
    1.1276389054763012,
    0.8260951243914091,
    0.6909778374892015,
    0.5998910272732759,
    0.5512533739591257,
    0.5142447555676485,
    0.504403031942172,
    0.46473093766432544,
    0.45415641382718697,
    0.4462240656216939,
    0.43210923068034346,
    0.4247408192127179,
    0.41434325403892075,
    0.41430355027700083,
    0.41173517604668936,
    0.40863523200536384,
    0.39548761879022304,
    0.3940241942038903,
    0.39230209252773185,
    0.39783404752230034,
    0.38611930971726394,
    0.3802557069903765,
    0.3803573563694954,
    0.37875176347219025,
    0.37331564529584005,
    0.3777321941959552,
    0.3737781123091013,
    0.37171763529380164,
    0.3699254837173682,
    0.36350537817447615
  ],
  "valid_acc": [
    0.691025641025641,
    0.7192307692307692,
    0.7487179487179487,
    0.7743589743589744,
    0.7871794871794872,
    0.7961538461538461,
    0.8051282051282052,
    0.8205128205128205,
    0.8269230769230769,
    0.8358974358974359,
    0.8423076923076923,
    0.8384615384615385,
    0.8448717948717949,
    0.8423076923076923,
    0.8487179487179487,
    0.8435897435897436,
    0.8512820512820513,
    0.8525641025641025,
    0.8564102564102564,
    0.8474358974358974,
    0.8589743589743589,
    0.8576923076923076,
    0.8641025641025641,
    0.8602564102564103,
    0.8576923076923076,
    0.8551282051282051,
    0.8576923076923076,
    0.8705128205128205,
    0.8666666666666667,
    0.8641025641025641
  ],
  "valid_f1": [
    0.68927550625783,
    0.7185965432016161,
    0.7504188181477635,
    0.7737083066781418,
    0.785004533031144,
    0.7952907535952827,
    0.8013992420205953,
    0.8197347266061585,
    0.8275852672746766,
    0.8352465347167455,
    0.8412713126478192,
    0.8392694352805566,
    0.8455917179641288,
    0.8418676748692826,
    0.8482109579450916,
    0.8443910119251398,
    0.8513089132916949,
    0.853315075209787,
    0.8557646189468506,
    0.8463284758502735,
    0.8589632011827396,
    0.8584114727121472,
    0.8633623460549861,
    0.8602901094332615,
    0.8581183108938248,
    0.8555646206947403,
    0.8581774045105797,
    0.8703973340018314,
    0.8669571154816258,
    0.8642872019160679
  ]
}