{
  "train_loss": [
    0.7385695994572532,
    0.30768964736533344,
    0.22114975627203634,
    0.16737696965386098,
    0.12827860566794425,
    0.10677578210606611,
    0.09064180209280405,
    0.07253387795159019,
    0.06074675883313543,
    0.05757124014758974,
    0.051480689490410056,
    0.04341360798483729,
    0.03954073453420087,
    0.031415171840725314,
    0.02820059089462756,
    0.024408160853269686,
    0.020219844681932067,
    0.019258096457907187,
    0.020384454066406488,
    0.017576707061380148,
    0.013232602481817813,
    0.013751269619924164,
    0.012365389492754874,
    0.010372408284959769,
    0.007968777642958216,
    0.009193091009501927,
    0.008947799136425382,
    0.008668215831026569,
    0.010584447414726299,
    0.009453705890227593
  ],
  "valid_loss": [
    0.41061943840944787,
    0.23978141207119513,
    0.18864286689833365,
    0.1203807082580126,
    0.10166043121328597,
    0.12941611683306128,
    0.1099878519527737,
    0.07587115690279668,
    0.08546365465064054,
    0.06745625210498674,
    0.05465515377837746,
    0.07711767085242843,
    0.06399713223450992,
    0.053969949621405604,
    0.056313249215517176,
    0.04917020286256071,
    0.040355790445386994,
    0.04733561560107714,
    0.045070319276092216,
    0.04668837574462796,
    0.04330537660568227,
    0.0415926825623775,
    0.04277732133028632,
    0.040741426443487036,
    0.041444771445071464,
    0.038937552025973814,
    0.039529106250721154,
    0.03691410660276656,
    0.03736810279469742,
    0.036332671827604544
  ],
  "train_acc": [
    0.6908834586466165,
    0.8868421052631579,
    0.9196428571428571,
    0.9390037593984962,
    0.9555451127819549,
    0.9620300751879699,
    0.9681390977443609,
    0.97453007518797,
    0.9789473684210527,
    0.9801691729323309,
    0.9823308270676692,
    0.9854323308270677,
    0.9867481203007519,
    0.9890977443609023,
    0.9902255639097745,
    0.9915413533834586,
    0.9933270676691729,
    0.9943609022556391,
    0.9923872180451128,
    0.993421052631579,
    0.9950187969924812,
    0.9957706766917294,
    0.9958646616541353,
    0.9964285714285714,
    0.9975563909774436,
    0.9976503759398496,
    0.9974624060150376,
    0.9972744360902256,
    0.9962406015037594,
    0.9969924812030075
  ],
  "valid_acc": [
    0.8455772113943029,
    0.9145427286356822,
    0.9332833583208395,
    0.9602698650674663,
    0.9640179910044977,
    0.9565217391304348,
    0.9655172413793104,
    0.9715142428785607,
    0.972263868065967,
    0.9760119940029985,
    0.9835082458770614,
    0.9790104947526237,
    0.97976011994003,
    0.9835082458770614,
    0.9805097451274363,
    0.9850074962518741,
    0.9842578710644677,
    0.9820089955022488,
    0.987256371814093,
    0.9880059970014993,
    0.987256371814093,
    0.9880059970014993,
    0.9880059970014993,
    0.9887556221889056,
    0.9910044977511244,
    0.9910044977511244,
    0.9902548725637181,
    0.9902548725637181,
    0.9910044977511244,
    0.9917541229385307
  ]
}