{
  "train_loss": [
    1.455257414555063,
    0.7156003207272413,
    0.5373700434456066,
    0.4539226004663779,
    0.40868520128483676,
    0.37327934345420527,
    0.35670433375908406,
    0.33436971119776066,
    0.3367156341519891,
    0.3295391598070154
  ],
  "valid_loss": [
    0.9660016967700078,
    0.6739001037982794,
    0.5637216949310058,
    0.4951823552067463,
    0.4544719246526559,
    0.43209558446437885,
    0.4166214273908199,
    0.41623371640841167,
    0.42542061813366716,
    0.41730379859606426
  ],
  "train_acc": [
    0.6517857142857143,
    0.765625,
    0.8105867346938775,
    0.8332270408163265,
    0.8450255102040817,
    0.8555484693877551,
    0.8571428571428571,
    0.8698979591836735,
    0.876594387755102,
    0.8670280612244898
  ],
  "valid_acc": [
    0.7141025641025641,
    0.7769230769230769,
    0.7948717948717948,
    0.8256410256410256,
    0.8461538461538461,
    0.8461538461538461,
    0.841025641025641,
    0.8474358974358974,
    0.841025641025641,
    0.8397435897435898
  ]
}