{
  "train_loss": [
    0.7348838773477508,
    0.33320406106222106,
    0.22890888419316477,
    0.17575838609811772,
    0.13930137727005654,
    0.11779168306524496,
    0.09682853299989758,
    0.08594965555491936,
    0.07635768969734032,
    0.06397905196231532,
    0.06242942790983312,
    0.048794798979378606,
    0.03703087904905698,
    0.04024620143225394,
    0.03397430053137871,
    0.02890719884041562,
    0.027129939330898852,
    0.0270704145554498,
    0.02186908245266202,
    0.015977615456893503,
    0.018065966497433472,
    0.011493348527744592,
    0.01315415046929595,
    0.013767500262123993,
    0.009992119519556144,
    0.010479196075753993,
    0.009938640407769078,
    0.011020131005221102,
    0.008594178942492208,
    0.008456702276795026
  ],
  "valid_loss": [
    0.3955380169973559,
    0.21337534013627352,
    0.15962155062755545,
    0.17358052049172873,
    0.1326183619862911,
    0.0936391962806637,
    0.10348736745273245,
    0.11240134437636903,
    0.07318048043709913,
    0.08068465508347464,
    0.0668696261484405,
    0.05619609427555971,
    0.06220388802737444,
    0.06935652510459903,
    0.06495406668957161,
    0.03258717424153159,
    0.042090426133512736,
    0.038161143523098476,
    0.034367269195383764,
    0.0371488974121786,
    0.03233215778928552,
    0.03303765189886998,
    0.027486183357419276,
    0.035412429141633305,
    0.03190049575438853,
    0.03466601201727207,
    0.03541196477697182,
    0.03487086695506526,
    0.03732939862453824,
    0.03243733998905551
  ],
  "train_acc": [
    0.6907944277108434,
    0.8746234939759037,
    0.9165097891566265,
    0.9374058734939759,
    0.9507718373493976,
    0.9577371987951807,
    0.9656438253012049,
    0.9698795180722891,
    0.973644578313253,
    0.9775978915662651,
    0.9783509036144579,
    0.9842808734939759,
    0.9869164156626506,
    0.9865399096385542,
    0.9885165662650602,
    0.9893637048192772,
    0.9903049698795181,
    0.9905873493975904,
    0.991246234939759,
    0.9943524096385542,
    0.9944465361445783,
    0.9961408132530121,
    0.9958584337349398,
    0.9954819277108434,
    0.9967055722891566,
    0.997082078313253,
    0.9963290662650602,
    0.9968938253012049,
    0.9972703313253012,
    0.9971762048192772
  ],
  "valid_acc": [
    0.8568215892053973,
    0.9257871064467766,
    0.9437781109445277,
    0.9362818590704648,
    0.9505247376311844,
    0.9677661169415293,
    0.9677661169415293,
    0.9587706146926537,
    0.9752623688155923,
    0.9752623688155923,
    0.9812593703148426,
    0.9820089955022488,
    0.9820089955022488,
    0.9760119940029985,
    0.9812593703148426,
    0.9910044977511244,
    0.987256371814093,
    0.987256371814093,
    0.9910044977511244,
    0.992503748125937,
    0.9910044977511244,
    0.9917541229385307,
    0.9932533733133433,
    0.9910044977511244,
    0.992503748125937,
    0.9917541229385307,
    0.9917541229385307,
    0.9917541229385307,
    0.9910044977511244,
    0.992503748125937
  ]
}