{
  "train_loss": [
    0.7156518035265337
  ],
  "valid_loss": [
    0.3126775487877618
  ],
  "train_acc": [
    0.6984186746987951
  ],
  "valid_acc": [
    0.896551724137931
  ]
}