{
  "train_loss": [
    0.7408082177813765,
    0.33886322519542034,
    0.23183255685561616,
    0.17249414432033194,
    0.13009946007301046,
    0.10928415577293066,
    0.08621318485217257,
    0.07420723403545575,
    0.06870120835943996,
    0.054717531944600696,
    0.056772463725811524,
    0.04261833698493648,
    0.042868435499867845,
    0.036611975409597625,
    0.024923556264860466,
    0.02717910510005127,
    0.024533619285019903,
    0.025039149887118663,
    0.020835643751224923,
    0.018457010232341226,
    0.013117093076022508,
    0.013815582344669322,
    0.014958985227876934,
    0.012729960381594628,
    0.011929711112411234,
    0.01076830338433151,
    0.008668611303986055,
    0.00895476624057555,
    0.007955828418282315,
    0.007213221014482189
  ],
  "valid_loss": [
    0.4026156909291147,
    0.2711218658656837,
    0.18611136006716422,
    0.1793465405955979,
    0.12480644648316017,
    0.1227970094346314,
    0.12182803853537383,
    0.1166023220806008,
    0.08348663021646503,
    0.09938043312512539,
    0.10176765313767934,
    0.0729853964835269,
    0.06320193224995256,
    0.05914759087791097,
    0.07702544660163109,
    0.07460619148385922,
    0.06361600728869984,
    0.06477450769811265,
    0.0554848381076337,
    0.06186567120463572,
    0.05651580981003879,
    0.05436636581212925,
    0.05659826866919364,
    0.05350416860597402,
    0.049801411141596974,
    0.054326494246906436,
    0.05412205935567325,
    0.05176543214503357,
    0.05387876288763731,
    0.0503677960009813
  ],
  "train_acc": [
    0.6906086387434555,
    0.8703370418848168,
    0.918848167539267,
    0.940690445026178,
    0.9547611256544503,
    0.9612238219895288,
    0.9705497382198953,
    0.974476439790576,
    0.9767670157068062,
    0.9806937172774869,
    0.9807755235602095,
    0.9860111256544503,
    0.98470222513089,
    0.9876472513089005,
    0.9921465968586387,
    0.9903468586387435,
    0.9919829842931938,
    0.9914921465968587,
    0.9924738219895288,
    0.993782722513089,
    0.9952552356020943,
    0.9953370418848168,
    0.9951734293193717,
    0.9953370418848168,
    0.9963187172774869,
    0.996482329842932,
    0.9975458115183246,
    0.9970549738219895,
    0.9972185863874345,
    0.9976276178010471
  ],
  "valid_acc": [
    0.8508829300196207,
    0.9012426422498365,
    0.934597776324395,
    0.934597776324395,
    0.9548724656638325,
    0.9548724656638325,
    0.9548724656638325,
    0.9646827992151733,
    0.9705689993459777,
    0.972531066056246,
    0.972531066056246,
    0.9790712884238064,
    0.9816873773708306,
    0.9816873773708306,
    0.9771092217135383,
    0.9803793328973185,
    0.9829954218443427,
    0.9810333551340745,
    0.9843034663178548,
    0.9836494440810988,
    0.9849574885546108,
    0.9862655330281229,
    0.9862655330281229,
    0.9856115107913669,
    0.9895356442119032,
    0.9882275997383911,
    0.986919555264879,
    0.9882275997383911,
    0.9862655330281229,
    0.9882275997383911
  ]
}