{
  "train_loss": [
    0.6350273839017962,
    0.29625794505546105,
    0.19643915765687248,
    0.14910253855651914,
    0.12203816960447401,
    0.10194627756448411,
    0.0847863296345288,
    0.074028882357544,
    0.058365168080804095,
    0.055243573928488554,
    0.048979347026315186,
    0.04278363299797912,
    0.0335549920365132,
    0.03524056684164052,
    0.024631781410940443,
    0.024615033874442565,
    0.02171946794453247,
    0.021368652077916578,
    0.018125691425405155,
    0.017407549390806017,
    0.015720476751416426,
    0.014594750530318001,
    0.012789222705100781,
    0.012650700183122197,
    0.011480632829814326,
    0.009411567235519874,
    0.008438609108246493,
    0.007147037305802272,
    0.006753069353778718,
    0.005848614416646036
  ],
  "valid_loss": [
    0.32201163683618816,
    0.2681160968920541,
    0.16989862384098492,
    0.2059474106263588,
    0.12220054816549773,
    0.10923588083603203,
    0.11263192003352467,
    0.0835409749163028,
    0.08855236991674345,
    0.07354604368007454,
    0.08335189995393825,
    0.06035218826444335,
    0.06617195734572953,
    0.06086924695779407,
    0.0622621758039488,
    0.06145597646736622,
    0.055166764474063185,
    0.06324291509994562,
    0.05363999493805765,
    0.06998360672743259,
    0.06093367761459904,
    0.06307704184201769,
    0.061043384923934525,
    0.052388609991793886,
    0.057991184143823864,
    0.05221854373067103,
    0.054043585214740744,
    0.05586881364976603,
    0.054366868000870906,
    0.0566488492294241
  ],
  "train_acc": [
    0.7417127071823204,
    0.8896754143646409,
    0.9300759668508287,
    0.9486360497237569,
    0.9576139502762431,
    0.965728591160221,
    0.9715987569060773,
    0.9752244475138122,
    0.9807493093922652,
    0.9791091160220995,
    0.9847203038674033,
    0.986360497237569,
    0.9886049723756906,
    0.9885186464088398,
    0.9911947513812155,
    0.9915400552486188,
    0.9930075966850829,
    0.9922306629834254,
    0.9937845303867403,
    0.9937845303867403,
    0.993957182320442,
    0.9951657458563536,
    0.9951657458563536,
    0.9957700276243094,
    0.9962016574585635,
    0.9974102209944752,
    0.998014502762431,
    0.9975828729281768,
    0.9971512430939227,
    0.9983598066298343
  ],
  "valid_acc": [
    0.8847481021394065,
    0.9033816425120773,
    0.9420289855072463,
    0.9240855762594893,
    0.9641131815044859,
    0.9620427881297446,
    0.9585921325051759,
    0.9723947550034506,
    0.9682539682539683,
    0.9806763285024155,
    0.9730848861283644,
    0.9820565907522429,
    0.9779158040027606,
    0.9827467218771566,
    0.9855072463768116,
    0.9834368530020704,
    0.9827467218771566,
    0.9841269841269841,
    0.9848171152518979,
    0.9848171152518979,
    0.9841269841269841,
    0.9855072463768116,
    0.9861973775017253,
    0.9868875086266391,
    0.9855072463768116,
    0.9848171152518979,
    0.9848171152518979,
    0.9868875086266391,
    0.9855072463768116,
    0.9834368530020704
  ]
}