{
  "train_loss": [
    1.0775426782238546,
    0.6143957810252124,
    0.44117936507569555,
    0.36049511318743543,
    0.30843159174107754,
    0.27574912704410354,
    0.23660933951900892,
    0.2188048106837647,
    0.1925940107924776,
    0.18261268512584777,
    0.1718371439510615,
    0.15382189879008612,
    0.15382041600752253,
    0.135096159310163,
    0.14164863108457382,
    0.13231250309234202,
    0.1295976304883108,
    0.12831368200793003,
    0.13152437110026782,
    0.12875274371804368
  ],
  "valid_loss": [
    0.7335094215434856,
    0.44595632551541275,
    0.342606719975537,
    0.3030521456442135,
    0.2619148264569032,
    0.2266261059135452,
    0.20850806414808146,
    0.20825142518143938,
    0.18175735445955052,
    0.18569813919192127,
    0.17422048670548562,
    0.1702258545561816,
    0.16890278955625507,
    0.15881096923016036,
    0.15380727344279665,
    0.15188709474451953,
    0.15622860986551793,
    0.1529093689782858,
    0.15275659081279414,
    0.15334281604067027
  ],
  "train_acc": [
    0.5610274869109948,
    0.7603075916230366,
    0.8295975130890052,
    0.8649378272251309,
    0.8829352094240838,
    0.8992964659685864,
    0.913121727748691,
    0.92220222513089,
    0.9298102094240838,
    0.9332460732984293,
    0.9348821989528796,
    0.9459260471204188,
    0.9459260471204188,
    0.9523887434554974,
    0.9496891361256544,
    0.9514888743455497,
    0.9541066753926701,
    0.9574607329842932,
    0.9528795811518325,
    0.9559882198952879
  ],
  "valid_acc": [
    0.7155003270111184,
    0.8273381294964028,
    0.8672334859385219,
    0.8894702419882276,
    0.9136690647482014,
    0.9182472204054938,
    0.9280575539568345,
    0.9287115761935906,
    0.9417920209287116,
    0.934597776324395,
    0.947678221059516,
    0.9489862655330281,
    0.9496402877697842,
    0.9529103989535644,
    0.9548724656638325,
    0.9568345323741008,
    0.9529103989535644,
    0.9548724656638325,
    0.9522563767168084,
    0.9535644211903205
  ]
}