{
  "train_loss": [
    0.6885498364467219,
    0.305454183414758,
    0.2101884135101215,
    0.1630525323281805,
    0.13005800750555405,
    0.09479019134473729,
    0.09120766155376851,
    0.068870456238468,
    0.06358882949788527,
    0.0586494234199804,
    0.039957418342132164,
    0.03844710194831153,
    0.03816782465451453,
    0.03648519134485578,
    0.029884476730801975,
    0.030107401636799414,
    0.023315210579838378,
    0.020303437374083393,
    0.022117895848420728,
    0.016431264422205556,
    0.012937767341373915,
    0.013819920157183366,
    0.010884577565523515,
    0.010847666323274732,
    0.010936311075845397,
    0.009100659110819,
    0.007834028037466917,
    0.010405531231628126,
    0.00939654500549098,
    0.009555312400930617
  ],
  "valid_loss": [
    0.3101732437086963,
    0.21262445806831434,
    0.153060353443451,
    0.11504146376292387,
    0.07893903094387127,
    0.08817045266615754,
    0.16467660866577227,
    0.11083085156385152,
    0.061885402287947186,
    0.07001657472334165,
    0.05504635088089881,
    0.05548593749584019,
    0.10150811230314188,
    0.06327802062696446,
    0.040612251725399694,
    0.03805871434492999,
    0.034200343338900416,
    0.040525059930622755,
    0.028722963082943406,
    0.03145244414464332,
    0.02648981364452276,
    0.03501270948232024,
    0.0324772365413595,
    0.03163511223247696,
    0.03402587166789087,
    0.02750668524641605,
    0.027829957402672904,
    0.02699279298795027,
    0.02498905485491736,
    0.02575627733664266
  ],
  "train_acc": [
    0.7159262048192772,
    0.8889307228915663,
    0.9210278614457831,
    0.9415474397590361,
    0.9548192771084337,
    0.9668674698795181,
    0.9665850903614458,
    0.9755271084337349,
    0.978539156626506,
    0.9807040662650602,
    0.9847515060240963,
    0.9870105421686747,
    0.986351656626506,
    0.9866340361445783,
    0.9891754518072289,
    0.9891754518072289,
    0.9927522590361446,
    0.9920933734939759,
    0.9916227409638554,
    0.9949171686746988,
    0.9961408132530121,
    0.9957643072289156,
    0.9961408132530121,
    0.9964231927710844,
    0.9967055722891566,
    0.9973644578313253,
    0.9974585843373494,
    0.9967055722891566,
    0.9968938253012049,
    0.9971762048192772
  ],
  "valid_acc": [
    0.8845577211394303,
    0.9235382308845578,
    0.9422788605697151,
    0.9527736131934033,
    0.9730134932533733,
    0.9700149925037481,
    0.9505247376311844,
    0.9617691154422788,
    0.9752623688155923,
    0.9782608695652174,
    0.9805097451274363,
    0.9805097451274363,
    0.9677661169415293,
    0.9812593703148426,
    0.987256371814093,
    0.9917541229385307,
    0.9902548725637181,
    0.987256371814093,
    0.992503748125937,
    0.9917541229385307,
    0.9917541229385307,
    0.9895052473763118,
    0.9910044977511244,
    0.9917541229385307,
    0.9902548725637181,
    0.9917541229385307,
    0.9932533733133433,
    0.9902548725637181,
    0.992503748125937,
    0.992503748125937
  ]
}