{
  "train_loss": [
    0.893017979036451,
    0.45048544708034755,
    0.3346404097389176,
    0.2722731212748907,
    0.22019682350661118,
    0.18373218955013765,
    0.15855560798919638,
    0.1258421857007511,
    0.12119046132523977,
    0.10222003204231175,
    0.08739313709486217,
    0.08214050178362436,
    0.08028669812331336,
    0.07516237742301682,
    0.061729165671773605,
    0.05685374884822294,
    0.05663129757524161,
    0.05689975219481278,
    0.05226393470160312,
    0.049152723459907226,
    0.04763438032832757,
    0.04040526610394423,
    0.04978575628660424,
    0.040355652658493106,
    0.041092053748160134
  ],
  "valid_loss": [
    0.506803274505508,
    0.3610555299791033,
    0.2681926499401689,
    0.2284419920083508,
    0.2121341145256908,
    0.1666635238925486,
    0.16409663002306998,
    0.14852439953736654,
    0.13217190364125977,
    0.13244471759909973,
    0.11917829322046981,
    0.12627471285154027,
    0.111608553514557,
    0.10360452106881562,
    0.10048372884195096,
    0.09512941492508252,
    0.09091615042435414,
    0.09527996539133994,
    0.09412832227776143,
    0.09616750563044732,
    0.09526338285971811,
    0.0952481212785152,
    0.09515317376919866,
    0.09518458183058108,
    0.09211360721162443
  ],
  "train_acc": [
    0.6351439790575916,
    0.8286976439790575,
    0.8739365183246073,
    0.9014234293193717,
    0.9207297120418848,
    0.9350458115183246,
    0.9433900523560209,
    0.9551701570680629,
    0.9579515706806283,
    0.962532722513089,
    0.9692408376963351,
    0.971776832460733,
    0.9728403141361257,
    0.9746400523560209,
    0.9788121727748691,
    0.9800392670157068,
    0.9796302356020943,
    0.9788939790575916,
    0.9815117801047121,
    0.9820844240837696,
    0.9825752617801047,
    0.9863383507853403,
    0.9829024869109948,
    0.9857657068062827,
    0.9850294502617801
  ],
  "valid_acc": [
    0.8005232177894048,
    0.8567691301504251,
    0.9025506867233486,
    0.9169391759319817,
    0.9234793982995422,
    0.9437540876389797,
    0.9424460431654677,
    0.94702419882276,
    0.9529103989535644,
    0.9568345323741008,
    0.961412688031393,
    0.9594506213211249,
    0.9620667102681492,
    0.9659908436886854,
    0.9633747547416612,
    0.9692609548724657,
    0.9672988881621976,
    0.9699149771092217,
    0.9686069326357096,
    0.9705689993459777,
    0.9712230215827338,
    0.972531066056246,
    0.972531066056246,
    0.9712230215827338,
    0.973185088293002
  ]
}